<?xml version="1.0" encoding="UTF-8"?>    
    <beans xmlns="http://www.springframework.org/schema/beans"    
        xmlns:xsi="http://www.w3.org/2001/XMLSchema-instance"   
        xmlns:p="http://www.springframework.org/schema/p"  
        xmlns:aop="http://www.springframework.org/schema/aop"   
        xmlns:context="http://www.springframework.org/schema/context"  
        xmlns:jee="http://www.springframework.org/schema/jee"  
        xmlns:tx="http://www.springframework.org/schema/tx"  
        xsi:schemaLocation="    
            http://www.springframework.org/schema/aop http://www.springframework.org/schema/aop/spring-aop-4.0.xsd  
            http://www.springframework.org/schema/beans http://www.springframework.org/schema/beans/spring-beans-4.0.xsd  
            http://www.springframework.org/schema/context http://www.springframework.org/schema/context/spring-context-4.0.xsd  
            http://www.springframework.org/schema/jee http://www.springframework.org/schema/jee/spring-jee-4.0.xsd  
            http://www.springframework.org/schema/tx http://www.springframework.org/schema/tx/spring-tx-4.0.xsd">    
      
        <!-- 加载数据库属性配置文件 -->  
        <context:property-placeholder location="classpath:db.properties" />  
      
        <!-- 数据库连接池c3p0配置 -->  
        <bean id="dataSource" class="com.mchange.v2.c3p0.ComboPooledDataSource"  
            destroy-method="close">  
            <property name="jdbcUrl" value="${db.url}"></property>  
            <property name="driverClass" value="${db.driverClassName}"></property>  
            <property name="user" value="${db.username}"></property>  
            <property name="password" value="${db.password}"></property>  
            <property name="maxPoolSize" value="40"></property>  
            <property name="minPoolSize" value="1"></property>  
            <property name="initialPoolSize" value="1"></property>  
            <property name="maxIdleTime" value="20"></property>  
        </bean>  
          
        <!-- session工厂 -->  
        <bean id="sessionFactory"  
            class="org.springframework.orm.hibernate4.LocalSessionFactoryBean">  
            <property name="dataSource">  
                <ref bean="dataSource" />  
            </property>  
            <property name="configLocation" value="classpath:hibernate.cfg.xml"/>  
            <!-- 自动扫描注解方式配置的hibernate类文件 -->  
            <property name="packagesToScan">  
                <list>  
                    <value>com.bufoon.entity</value>  
                </list>  
            </property>  
        </bean>  
      
        <!-- 配置事务管理器 -->  
        <bean id="transactionManager"  
            class="org.springframework.orm.hibernate4.HibernateTransactionManager">  
            <property name="sessionFactory" ref="sessionFactory" />  
        </bean>  
      
        <!-- 配置事务通知属性 -->  
        <tx:advice id="txAdvice" transaction-manager="transactionManager">  
            <!-- 定义事务传播属性 -->  
            <tx:attributes>  
                <tx:method name="insert*" propagation="REQUIRED" />  
                <tx:method name="update*" propagation="REQUIRED" />  
                <tx:method name="edit*" propagation="REQUIRED" />  
                <tx:method name="save*" propagation="REQUIRED" />  
                <tx:method name="add*" propagation="REQUIRED" />  
                <tx:method name="new*" propagation="REQUIRED" />  
                <tx:method name="set*" propagation="REQUIRED" />  
                <tx:method name="remove*" propagation="REQUIRED" />  
                <tx:method name="delete*" propagation="REQUIRED" />  
                <tx:method name="change*" propagation="REQUIRED" />  
                <tx:method name="get*" propagation="REQUIRED" read-only="true" />  
                <tx:method name="find*" propagation="REQUIRED" read-only="true" />  
                <tx:method name="load*" propagation="REQUIRED" read-only="true" />  
                <tx:method name="*" propagation="REQUIRED" read-only="true" />  
            </tx:attributes>  
        </tx:advice>  
          
        <!-- 应用普通类获取bean    
        <bean id="appContext" class="com.soanl.util.tool.ApplicationUtil"/>-->  
      
        <!-- 配置事务切面 -->  
        <aop:config>  
            <aop:pointcut id="serviceOperation"  
                expression="execution(* com.bufoon.service..*.*(..))" />  
            <aop:advisor advice-ref="txAdvice" pointcut-ref="serviceOperation" />  
        </aop:config>  
      
        <!-- 自动加载构建bean -->  
        <context:component-scan base-package="com.bufoon" />  
      
    </beans>  