<?xml version="1.0" encoding="UTF-8"?>
    <beans xmlns="http://www.springframework.org/schema/beans"  
        xmlns:xsi="http://www.w3.org/2001/XMLSchema-instance" xmlns:aop="http://www.springframework.org/schema/aop"  
        xmlns:context="http://www.springframework.org/schema/context"  
        xmlns:jdbc="http://www.springframework.org/schema/cache" xmlns:tx="http://www.springframework.org/schema/tx"  
        xsi:schemaLocation="http://www.springframework.org/schema/aop http://www.springframework.org/schema/aop/spring-aop.xsd  
        http://www.springframework.org/schema/tx http://www.springframework.org/schema/tx/spring-tx.xsd  
            http://www.springframework.org/schema/aop http://www.springframework.org/schema/aop/spring-aop.xsd  
        http://www.springframework.org/schema/context http://www.springframework.org/schema/context/spring-context.xsd  
            http://www.springframework.org/schema/beans http://www.springframework.org/schema/beans/spring-beans.xsd  
            http://www.springframework.org/schema/cache http://www.springframework.org/schema/jdbc/spring-cache.xsd">  
      
        <!-- 扫描指定包 -->  
        <context:component-scan base-package="com.*" />  
        <context:annotation-config />  
      
<!--         <bean id="propertyConfigurer"  
            class="org.springframework.beans.factory.config.PropertyPlaceholderConfigurer">  
            <property name="locations">  
                <value>classpath:jdbc.properties</value>  
            </property>  
        </bean>   -->
      
       <!-- 定义数据源的信息 -->  
    <bean id="dataSource" class="com.mchange.v2.c3p0.ComboPooledDataSource"  
        destroy-method="close">  
        <property name="driverClass">  
            <value>com.mysql.jdbc.Driver</value>  
        </property>  
        <property name="jdbcUrl">  
            <value>jdbc:mysql://localhost/db_ssh</value>  
        </property>  
        <property name="user">  
            <value>root</value>  
        </property>  
        <property name="password">  
            <value>123</value>  
        </property>  
        <property name="maxPoolSize">  
            <value>80</value>  
        </property>  
        <property name="minPoolSize">  
            <value>1</value>  
        </property>  
        <property name="initialPoolSize">  
            <value>1</value>  
        </property>  
        <property name="maxIdleTime">  
            <value>20</value>  
        </property>  
    </bean>    
      
        <bean id="sessionFactory"  
            class="org.springframework.orm.hibernate4.LocalSessionFactoryBean">  
            <property name="dataSource" ref="dataSource" />  
            <property name="mappingResources">  
                <list>  
                    <value>com/rh/hibernate/beans/User.hbm.xml</value>  
                </list>  
            </property>  
      
            <property name="hibernateProperties">  
                <props>  
                    <!-- <prop key="hibernate.dialect">org.hibernate.dialect.MySQLDialec</prop>  
                    <prop key="hibernate.show_sql">true</prop>  
                    <prop key="hibernate.format_sql">true</prop>  
                    <prop key="hibernate.use_sql_comments">true</prop>  
                    <prop key="hibernate.hbm2ddl.auto">create</prop> -->
                    <prop key="hibernate.dialect">org.hibernate.dialect.MySQLDialect</prop>  
                	<prop key="show_sql">true</prop>  
                	<prop key="hibernate.jdbc.batch_size">20</prop>    
                </props>  
            </property>  
        </bean>  
      
        <bean id="hibernateTemplate" class="org.springframework.orm.hibernate4.HibernateTemplate">  
            <property name="sessionFactory" ref="sessionFactory"></property>  
        </bean>  
      
        <!-- 配置事务管理器 -->  
        <!--//对hibernate4进行实物的管理 -->  
        <bean id="transactionManager"  
            class="org.springframework.orm.hibernate4.HibernateTransactionManager">  
            <property name="sessionFactory" ref="sessionFactory">  
            </property>  
        </bean>  
      
        <!-- 配置事务的传播特性 -->  
        <!-- 配置事务的属性 对应的方法等等 AOP通知，事务的边界告诉方法，不是完整的事务切面。 -->  
      
        <tx:advice id="txAdvice" transaction-manager="transactionManager">  
            <tx:attributes>  
      
                <tx:method name="add*" propagation="REQUIRED" rollback-for="Exception" />  
                <tx:method name="del*" propagation="REQUIRED" rollback-for="Exception" />  
                <tx:method name="remove*" propagation="REQUIRED"  
                    rollback-for="Exception" />  
                <tx:method name="update*" propagation="REQUIRED"  
                    rollback-for="Exception" />  
                <tx:method name="modify*" propagation="REQUIRED"  
                    rollback-for="Exception" />  
                <tx:method name="submit*" propagation="REQUIRED"  
                    rollback-for="Exception" />  
                <tx:method name="insert*" propagation="REQUIRED"  
                    rollback-for="Exception" />  
                <tx:method name="save*" propagation="REQUIRED"  
                    rollback-for="Exception" />  
                <tx:method name="Update*" propagation="REQUIRED"  
                    rollback-for="Exception" />  
                <tx:method name="Insert*" propagation="REQUIRED"  
                    rollback-for="Exception" />  
            </tx:attributes>  
        </tx:advice>  
      
        <!-- 配置哪些类哪些方法使用事务 proxy-target-class="true" spring的声明式事务（最常用） -->  
        <aop:config>  
            <aop:pointcut id="allManagerMethod"  
                expression="execution(* com.rh.hibernate.daoImpl.*.*(..))" />  
            <aop:advisor advice-ref="txAdvice" pointcut-ref="allManagerMethod" />  
        </aop:config>
        
        <bean id="baseDao" scope="prototype" class="com.rh.hibernate.daoImpl.UserDao">  
        <property name="sessionFactory">  
            <ref bean="sessionFactory" />  
        </property>  
    </bean>  
  
    <!--用户注册业务逻辑类 -->  
    <bean id="userManager" scope="prototype" class="com.rh.spring.serviceImpl.UserManagerImpl">  
        <property name="dao">  
            <ref bean="baseDao" />  
        </property>  
    </bean>  
  
    <!-- 用户注册的Action -->  
    <bean id="regAction" scope="prototype" class="com.rh.struts.action.RegisterAction">  
        <property name="userManager">  
            <ref bean="userManager" />  
        </property>  
    </bean>  
  
    <!-- more bean definitions go here -->  
    </beans>  