<?xml version="1.0" encoding="UTF-8"?>
<beans xmlns="http://www.springframework.org/schema/beans"
       xmlns:xsi="http://www.w3.org/2001/XMLSchema-instance"
       xmlns:ws="http://jax-ws.java.net/spring/core"
       xmlns:wss="http://jax-ws.java.net/spring/servlet"
       xsi:schemaLocation="http://www.springframework.org/schema/beans
       http://www.springframework.org/schema/beans/spring-beans-2.5.xsd
       http://jax-ws.java.net/spring/core
        http://jax-ws.java.net/spring/core.xsd
        http://jax-ws.java.net/spring/servlet
        http://jax-ws.java.net/spring/servlet.xsd"
>
 
    <wss:binding url="/hello">
        <wss:service>
            <ws:service bean="#helloWs"/>
        </wss:service>
    </wss:binding>

    <!-- Web service methods -->
    <bean id="helloWs" class="com.rh.webservice.HelloWorldWS">
    	<property name="helloWorldBo" ref="HelloWorldBo" />
    </bean>
    
    <bean id="HelloWorldBo" class="com.rh.webserviceTest.HelloWorldBoImpl" />
    
</beans>