<?xml version="1.0" encoding="UTF-8"?>
<lint>
    <issue id="HandlerLeak">
        <ignore path="src/org/holoeverywhere/app/ProgressDialog.java" />
        <ignore path="src/org/holoeverywhere/preference/PreferenceActivity.java" />
        <ignore path="src/org/holoeverywhere/preference/PreferenceActivity.java" />
        <ignore path="src/org/holoeverywhere/preference/PreferenceFragment.java" />
        <ignore path="src/org/holoeverywhere/preference/PreferenceFragment.java" />
        <ignore path="src/org/holoeverywhere/widget/ProgressDialog.java" />
    </issue>
    <issue id="NewApi" severity="warning">
        <ignore path="src/org/holoeverywhere/app/AlertDialog.java" />
        <ignore path="src/org/holoeverywhere/app/Dialog.java" />
        <ignore path="src/android/support/v7/internal/view/menu/ContextMenuDecorView.java" />
    </issue>
    <issue id="MissingPrefix" severity="warning" />
</lint>
