<?xml version="1.0" encoding="UTF-8" ?>  
    <!DOCTYPE struts PUBLIC  
        "-//Apache Software Foundation//DTD Struts Configuration 2.0//EN"  
        "http://struts.apache.org/dtds/struts-2.0.dtd">  
      
<struts>  
  	<constant name="struts.enable.DynamicMethodInvocation" value="false" />  
    <constant name="struts.devMode" value="false" />  
    <include file="struts-default.xml" />  
    
    <package name="rh" namespace="/"  extends="struts-default">
    	
    	<global-results>  
            <result name="error">/Fail.jsp</result>  
        </global-results>  
  
        <global-exception-mappings>  
            <exception-mapping exception="java.lang.Exception"  
                result="error" />  
        </global-exception-mappings>
           
        <action name="register" class="regAction">  
            <result name="input">/Register.jsp</result>  
            <result name="success">/Success.jsp</result>  
            <result name="error">/Fail.jsp</result>  
        </action>  
    </package>  
  
</struts>  
