<?xml version='1.0' encoding='UTF-8'?>
<!DOCTYPE hibernate-configuration PUBLIC
          "-//Hibernate/Hibernate Configuration DTD 3.0//EN"
          "http://hibernate.sourceforge.net/hibernate-configuration-3.0.dtd">

<!-- Generated by MyEclipse Hibernate Tools. -->
<hibernate-configuration>

	<session-factory>
		<property name="connection.driver_class">
			com.mysql.jdbc.Driver
		</property>
		<property name="connection.url">
			jdbc:mysql://127.0.0.1:3306/tuanfei?characterEncoding=utf8
		</property>
		<property name="dialect">
			org.hibernate.dialect.MySQLDialect
		</property>
		
		<property name="hibernate.hbm2ddl.auto">update</property>
		
		<property name="connection.username">root</property>
		<property name="connection.password">root</property>
		<property name="show_sql">true</property>
		
		<property name="hibernate.connection.provider_class">org.hibernate.connection.C3P0ConnectionProvider</property>
		<property name="hibernate.c3p0.acquire_increment">5</property>
		<property name="hibernate.c3p0.idle_test_period">300</property>
		<property name="hibernate.c3p0.max_size">100</property>
		<property name="hibernate.c3p0.max_statements">50</property>
		<property name="hibernate.c3p0.min_size">10</property>
		<property name="hibernate.c3p0.timeout">10</property>
<!-- 		
		<property name="cache.provider_class">org.hibernate.cache.EhCacheProvider</property>  
		<property name="hibernate.cache.use_query_cache">true</property>
		<property name="hibernate.generate_statistics">true</property>
		<property name="hibernate.cache.use_second_level_cache">true</property>
-->
	</session-factory>

</hibernate-configuration>