<?xml version="1.0" encoding="UTF-8"?>
<beans xmlns="http://www.springframework.org/schema/beans"
       xmlns:xsi="http://www.w3.org/2001/XMLSchema-instance"
       xmlns:aop="http://www.springframework.org/schema/aop"
       xmlns:tx="http://www.springframework.org/schema/tx"
       xsi:schemaLocation="
       http://www.springframework.org/schema/beans http://www.springframework.org/schema/beans/spring-beans-3.1.xsd
       http://www.springframework.org/schema/tx http://www.springframework.org/schema/tx/spring-tx-3.1.xsd
       http://www.springframework.org/schema/aop http://www.springframework.org/schema/aop/spring-aop-3.1.xsd">


	<bean id="sessionFactory"
		class="org.springframework.orm.hibernate3.annotation.AnnotationSessionFactoryBean">
		<property name="configLocation"
			value="classpath:hibernate.cfg.xml">
		</property>
		 <property name="packagesToScan" value="model" />
	</bean>
	<bean id="txManager"
        class="org.springframework.orm.hibernate3.HibernateTransactionManager">
        <property name="sessionFactory" ref="sessionFactory" />
    </bean>
    <aop:config>
        <aop:pointcut id="demoAopBean"
            expression="execution(* service.*.*(..))" />
        <aop:advisor advice-ref="txAdvice"
            pointcut-ref="demoAopBean" />
    </aop:config>
    <tx:advice id="txAdvice" transaction-manager="txManager">
        <tx:attributes>
            <tx:method name="save*" propagation="REQUIRED"
                rollback-for="Exception" />
            <tx:method name="update*" propagation="REQUIRED"
                rollback-for="NoProductInStockException" />
            <tx:method name="delete*" propagation="REQUIRED"
                rollback-for="NoProductInStockException" />
        </tx:attributes>
    </tx:advice>

	<bean id="ICommon" class="service.CommonImpl">
		<property name="sessionFactory">
			<ref bean="sessionFactory" />
		</property>
	</bean>
	
	<bean id="Index" class="action.Index">
		<property name="service" ref="ICommon"></property>
	</bean>
	
	</beans>